,name,position,pick,height_cm,weight_lb,c_year,age,points,reb,ast,TS,usg,o_bpm,d_bpm
0,Kyrie Irving,PG,1,191.8,191,Freshman,19.2,22.8,4.4,5.6,0.697,26.4,10.8,3.5
1,Derrick Williams,PF,2,205.1,248,Sophomore,20.1,23.4,9.9,1.4,0.69,28.9,9.2,2.6
2,Enes Kanter,C,3,211.5,259,Freshman,19.1,,,,,,,
3,Tristan Thompson,PF,4,205.1,227,Freshman,20.3,15.4,9.2,1.5,0.536,22.4,3.9,7.2
4,Jonas Valanciunas,C,5,213.4,231,International,19.1,17.9,13.6,0.5,0.743,,,
5,Jan Vesely,PF,6,210.8,239,International,21.2,13.5,4.8,1.4,0.56,,,
6,Bismack Biyombo,C,7,205.7,243,International,18.8,13.6,10.7,0.6,0.56,,,
7,Brandon Knight,PG,8,191.1,177,Freshman,19.5,17.4,4.0,4.2,0.553,27.0,5.4,0.5
8,Kemba Walker,PG,9,185.4,184,Junior,21.1,22.5,5.2,4.3,0.543,32.4,10.2,2.7
9,Jimmer Fredette,PG,10,189.2,196,Senior,22.3,29.1,3.5,4.4,0.594,37.8,10.2,-0.7
10,Klay Thompson,SG,11,201.3,206,Junior,21.4,22.4,5.4,3.9,0.574,32.8,6.8,3.2
11,Alec Burks,SG,12,198.1,193,Sophomore,19.9,23.5,7.5,3.4,0.574,32.3,7.3,-0.1
12,Markieff Morris,PF,13,206.4,241,Junior,21.8,20.1,12.3,2.1,0.642,25.5,6.7,5.6
13,Marcus Morris,PF,14,205.1,230,Junior,21.8,21.9,9.7,2.1,0.625,26.9,7.8,3.4
14,Kawhi Leonard,SF,15,200.7,227,Sophomore,19.9,17.1,11.7,2.8,0.512,27.6,3.9,5.2
15,Nikola Vučević,C,16,212.7,260,Junior,20.7,17.7,10.6,1.6,0.578,25.5,5.1,4.4
16,Iman Shumpert,SG,17,196.8,222,Junior,20.9,19.5,6.6,3.9,0.517,29.1,6.3,3.4
17,Chris Singleton,SF,18,205.7,230,Junior,21.6,16.2,8.4,1.5,0.531,24.5,2.6,6.9
18,Tobias Harris,SF,19,202.6,223,Freshman,18.9,18.9,9.0,1.6,0.54,27.2,3.3,2.3
19,Donatas Motiejunas,PF,20,213.4,222,International,20.7,16.8,6.6,1.3,0.565,,,
20,Nolan Smith,PG,21,191.8,188,Senior,22.9,21.8,4.7,5.4,0.564,30.7,7.3,2.3
21,Kenneth Faried,PF,22,201.9,225,Senior,21.6,17.9,15.0,1.1,0.619,24.5,4.0,5.9
22,Nikola Mirotić,PF,23,208.3,220,International,20.4,16.5,7.9,1.3,0.618,,,
23,Reggie Jackson,PG,24,190.5,208,Junior,21.2,19.2,4.5,4.7,0.618,27.2,9.0,0.2
24,MarShon Brooks,SG,25,196.2,195,Senior,22.4,24.3,6.9,2.5,0.584,30.6,8.4,1.2
25,Jordan Hamilton,SF,26,204.5,228,Sophomore,20.7,20.8,8.6,2.4,0.55,29.1,7.2,3.3
26,JaJuan Johnson,PF,27,208.3,220,Senior,22.4,20.9,8.7,1.0,0.564,29.1,3.7,4.9
27,Norris Cole,PG,28,187.3,174,Senior,22.7,21.9,5.9,5.4,0.558,32.1,8.0,2.7
28,Cory Joseph,PG,29,191.1,186,Freshman,19.8,11.6,4.0,3.4,0.526,17.3,3.9,3.7
29,Jimmy Butler,SF,30,202.6,222,Junior,21.8,16.3,6.3,2.4,0.587,21.3,7.0,2.4
30,Bojan Bogdanović,SF,31,200.7,195,International,22.2,18.3,3.5,1.8,0.514,,,
31,Justin Harper,PF,32,205.1,228,Senior,21.8,20.2,7.8,1.3,0.642,26.8,7.4,1.5
32,Kyle Singler,SF,33,204.5,228,Senior,23.1,17.5,7.1,1.7,0.536,24.7,4.6,2.2
33,Shelvin Mack,PG,34,189.2,209,Junior,21.2,18.0,5.0,3.9,0.537,28.6,5.3,1.0
34,Tyler Honeycutt,SF,35,203.8,187,Sophomore,20.9,13.1,7.4,2.9,0.519,22.3,2.0,5.3
35,Jordan Williams,PF,36,205.7,247,Sophomore,20.7,18.7,13.0,0.7,0.552,24.5,2.0,3.1
36,Trey Thompkins,PF,37,207.6,239,Junior,21.1,18.9,8.8,1.6,0.536,29.9,1.9,3.9
37,Chandler Parsons,SF,38,207.6,221,Senior,22.7,11.9,8.2,4.0,0.551,19.2,5.2,4.3
38,Jeremy Tyler,PF,39,209.6,262,International,19.9,,,,,,,
39,Jon Leuer,PF,40,212.1,223,Senior,22.1,19.6,7.8,1.8,0.568,31.1,6.3,1.9
40,Darius Morris,PG,41,196.2,190,Sophomore,20.5,15.5,4.1,6.9,0.545,27.3,5.4,2.0
41,Davis Bertans,SF,42,208.3,210,International,18.6,,,,,,,
42,Malcolm Lee,SG,43,196.8,198,Junior,21.1,14.3,3.3,2.2,0.553,20.8,3.7,0.4
43,Charles Jenkins,PG,44,191.1,216,Senior,22.3,21.8,3.2,4.6,0.635,28.7,10.0,-1.1
44,Josh Harrellson,PF,45,208.3,275,Senior,22.4,9.6,10.9,1.0,0.616,12.5,5.4,6.0
45,Andrew Goudelock,PG,46,189.9,198,Senior,22.5,24.2,4.0,4.3,0.575,34.5,6.5,-2.6
46,Travis Leslie,SG,47,193.7,205,Junior,21.2,16.1,8.0,3.3,0.561,24.4,6.2,3.3
47,Keith Benson,C/,48,210.8,217,Senior,22.9,20.0,11.2,1.2,0.584,24.9,1.6,3.6
48,Josh Selby,PG,49,190.5,195,Freshman,20.2,14.0,3.9,3.8,0.489,24.4,0.9,1.9
49,Lavoy Allen,PF,50,205.7,225,Senior,22.4,12.3,9.1,2.4,0.519,19.8,1.2,5.3
50,Jon Diebler,SG,51,199.4,197,Senior,22.9,12.8,2.7,2.4,0.723,14.4,9.8,2.7
51,Vernon Macklin,PF,52,205.7,245,Senior,24.7,17.0,7.9,1.2,0.578,25.1,2.8,2.1
52,DeAndre Liggins,SG,53,198.8,202,Junior,23.2,9.8,4.6,2.9,0.523,15.8,2.9,4.3
53,Milan Macvan,PF,54,205.7,260,International,21.6,15.6,7.3,2.9,0.575,,,
54,E'Twaun Moore,SG,55,193.0,191,Senior,22.3,19.1,5.5,3.4,0.545,28.0,7.1,3.4
55,Chu Maduabum,PF,56,205.7,210,G League,20.3,,,,,,,
56,Tanguy Ngombo,SF,57,198.1,204,International,26.9,,,,,,,
57,Ater Majok,PF,58,208.3,230,International,23.9,,,,,,,
58,Adam Hanga,SG,59,200.7,200,International,22.2,,,,,,,
59,Isaiah Thomas,PG,60,178.4,186,Junior,22.4,19.0,4.0,6.9,0.563,26.2,7.2,1.2
60,Anthony Davis,PF,1,209.6,222,Freshman,19.3,15.9,11.7,1.4,0.654,18.8,7.8,10.8
61,Michael Kidd-Gilchrist,SF,2,201.9,233,Freshman,18.7,13.8,8.6,2.2,0.57,20.6,5.0,4.1
62,Bradley Beal,SG,3,194.9,202,Freshman,18.9,15.5,7.1,2.4,0.575,23.0,5.3,3.3
63,Dion Waiters,SG,4,193.0,221,Sophomore,20.6,18.9,3.4,3.7,0.565,26.7,7.4,2.4
64,Thomas Robinson,PF,5,205.1,244,Junior,21.3,20.1,13.4,2.1,0.549,30.0,3.0,4.7
65,Damian Lillard,PG,6,189.9,189,Senior,21.9,25.5,5.2,4.2,0.635,33.0,10.3,-1.4
66,Harrison Barnes,SF,7,203.2,228,Sophomore,20.1,21.0,6.4,1.4,0.528,28.1,4.5,1.7
67,Terrence Ross,SG,8,200.7,197,Sophomore,21.4,19.0,7.4,1.6,0.558,25.3,4.5,2.2
68,Andre Drummond,C,9,212.7,279,Freshman,18.9,12.7,9.6,0.6,0.509,20.9,0.7,5.3
69,Austin Rivers,SG,10,195.6,203,Freshman,19.9,16.8,3.7,2.3,0.538,25.2,3.7,0.0
70,Meyers Leonard,C,11,216.5,250,Sophomore,20.3,15.3,9.3,1.5,0.618,22.0,2.8,5.4
71,Jeremy Lamb,SG,12,196.2,179,Sophomore,20.1,17.1,4.7,1.6,0.589,23.9,6.7,0.8
72,Kendall Marshall,PG,13,193.7,198,Sophomore,20.8,8.9,2.8,10.6,0.558,13.9,3.8,0.4
73,John Henson,PF,14,209.6,216,Junior,21.5,16.9,12.3,1.6,0.505,23.1,1.6,8.0
74,Maurice Harkless,SF,15,205.1,207,Freshman,19.1,15.5,8.6,1.5,0.504,24.9,1.4,2.0
75,Royce White,PF,16,203.2,261,Sophomore,21.2,15.3,10.6,5.7,0.536,26.5,3.1,5.7
76,Tyler Zeller,C,17,214.6,247,Senior,22.4,20.9,12.3,1.2,0.616,24.5,6.5,5.1
77,Terrence Jones,PF,18,207.0,252,Sophomore,20.4,15.1,8.8,1.6,0.547,22.4,4.7,5.7
78,Andrew Nicholson,PF,19,207.0,234,Senior,22.5,22.1,10.1,1.2,0.638,29.5,5.7,3.0
79,Evan Fournier,SG,20,200.7,205,International,19.6,19.5,4.4,3.1,0.524,,,
80,Jared Sullinger,PF,21,205.7,268,Sophomore,20.3,20.7,10.9,1.5,0.591,27.9,6.3,5.3
81,Fab Melo,C,22,213.4,255,Sophomore,22.0,11.0,8.3,1.0,0.581,16.5,2.1,8.3
82,John Jenkins,SG,23,193.7,212,Junior,21.3,21.3,3.1,1.3,0.656,26.2,10.3,-0.6
83,Jared Cunningham,SG,24,195.6,188,Junior,21.1,18.7,4.0,2.9,0.568,26.0,4.3,0.5
84,Tony Wroten,SG,25,198.1,203,Freshman,19.2,18.9,6.0,4.4,0.488,31.2,2.4,2.8
85,Miles Plumlee,C,26,212.7,252,Senior,23.8,11.7,12.5,0.9,0.621,16.1,3.8,3.7
86,Arnett Moultrie,PF,27,210.2,233,Junior,21.6,16.5,10.5,1.2,0.61,23.3,4.0,0.9
87,Perry Jones,PF,28,211.5,234,Sophomore,20.7,15.8,9.0,1.5,0.539,23.3,3.0,2.0
88,Marquis Teague,PG,29,188.0,180,Freshman,19.3,11.1,2.8,5.3,0.491,20.2,1.9,1.1
89,Festus Ezeli,C,30,212.1,264,Senior,22.7,15.6,9.2,0.5,0.567,25.2,-0.7,4.3
90,Jeffery Taylor,SF,31,201.3,213,Senior,23.1,18.1,6.2,1.9,0.58,26.4,6.4,2.2
91,Tomas Satoransky,PG,32,200.7,201,International,20.6,10.0,4.6,2.9,0.507,,,
92,Bernard James,C,33,208.3,230,Senior,27.4,13.9,10.4,0.6,0.602,20.0,1.8,6.7
93,Jae Crowder,SF,34,199.4,241,Senior,21.9,19.2,9.2,2.3,0.598,23.4,8.8,5.9
94,Draymond Green,PF,35,201.9,236,Senior,22.3,17.6,11.5,4.1,0.542,28.2,5.5,7.2
95,Orlando Johnson,SG,36,196.2,224,Senior,23.3,20.6,6.0,3.1,0.56,30.5,5.4,-0.8
96,Quincy Acy,PF,37,202.6,224,Senior,21.7,14.5,9.0,1.2,0.638,19.0,4.2,5.3
97,Quincy Miller,SF,38,208.3,219,Freshman,19.6,15.7,7.3,2.1,0.541,23.9,2.5,2.4
98,Khris Middleton,SF,39,203.8,216,Junior,20.9,16.5,6.2,2.8,0.486,29.7,2.6,1.9
99,Will Barton,SG,40,198.1,174,Sophomore,21.5,18.4,8.1,3.0,0.587,25.8,6.7,3.6
100,Tyshawn Taylor,PG,41,193.0,177,Senior,22.2,17.9,2.5,5.1,0.569,27.5,5.0,1.0
101,Doron Lamb,SG,42,194.9,199,Sophomore,20.6,15.8,3.1,1.7,0.624,19.7,7.2,-0.2
102,Mike Scott,PF,43,205.1,241,Senior,23.9,20.7,9.5,1.3,0.62,30.9,5.3,2.7
103,Kim English,SG,44,197.5,192,Senior,23.7,15.5,4.5,1.7,0.658,20.0,7.2,1.0
104,Justin Hamilton,C,45,213.4,260,Senior,22.2,15.5,8.7,1.1,0.553,22.6,2.8,3.6
105,Darius Miller,SF,46,201.9,233,Senior,22.2,13.7,3.8,2.8,0.593,19.2,6.6,1.5
106,Kevin Murphy,SG,47,198.8,194,Junior,22.3,21.5,5.5,2.4,0.549,32.3,1.5,-2.7
107,Kostas Papanikolaou,SF,48,203.2,230,International,21.9,12.3,7.1,1.2,0.599,,,
108,Kyle O'Quinn,PF,49,208.3,241,Senior,22.2,18.3,11.9,1.6,0.616,24.9,2.5,4.2
109,Izzet Turkyilmaz,PF,50,210.8,210,International,22.1,11.8,7.4,2.0,0.838,,,
110,Kris Joseph,SF,51,200.7,215,Senior,23.5,15.0,5.3,1.7,0.534,22.5,4.6,2.2
111,Ognjen Kuzmić,C,52,213.4,250,International,22.1,,,,,,,
112,Furkan Aldemir,PF,53,208.3,230,International,20.9,14.1,10.3,1.0,0.622,,,
113,Tornike Shengelia,PF,54,205.7,217,International,20.7,14.5,7.5,1.7,0.518,,,
114,Darius Johnson-Odom,SG,55,190.5,212,Senior,22.7,20.0,3.8,3.0,0.568,27.2,5.7,0.2
115,Tomislav Zubčić,PF,56,208.3,225,International,22.4,9.1,8.0,3.5,0.427,,,
116,Ilkan Karaman,PF,57,205.7,236,International,22.1,,,,,,,
117,Robbie Hummel,SF,58,204.5,218,Senior,23.3,18.3,8.0,2.1,0.54,26.3,6.0,2.1
118,Marcus Denmon,SG,59,191.1,188,Senior,22.3,18.4,5.2,2.2,0.621,23.6,9.0,0.4
119,Robert Sacre,C,60,213.4,260,Senior,23.0,15.9,8.6,1.0,0.595,22.9,1.4,3.5
120,Anthony Bennett,PF,1,200.7,239,Freshman,20.3,21.4,10.8,1.3,0.609,27.5,5.3,3.2
121,Victor Oladipo,SG,2,193.7,213,Junior,21.1,17.3,8.0,2.6,0.671,22.2,9.7,7.3
122,Otto Porter,SF,3,204.5,198,Sophomore,20.0,16.4,7.6,2.8,0.59,24.1,7.2,6.1
123,Cody Zeller,PF,4,214.0,230,Sophomore,20.7,20.1,9.8,1.6,0.624,26.5,6.1,5.2
124,Alex Len,C,5,215.9,225,Sophomore,20.0,16.2,10.7,1.3,0.57,22.8,2.7,5.3
125,Nerlens Noel,C,6,212.7,206,Freshman,19.2,11.8,10.7,1.8,0.583,17.4,2.9,11.7
126,Ben McLemore,SG,7,194.9,189,Freshman,20.4,17.8,5.8,2.2,0.633,23.2,7.3,2.9
127,Kentavious Caldwell-Pope,SG,8,196.8,204,Sophomore,20.3,19.6,7.5,1.9,0.579,29.2,8.9,3.2
128,Trey Burke,PG,9,186.1,187,Sophomore,20.6,19.0,3.2,6.8,0.569,28.3,9.9,2.3
129,CJ McCollum,SG,10,190.5,197,Senior,21.8,27.8,5.8,3.4,0.628,37.2,8.7,-0.7
130,Michael Carter-Williams,PG,11,197.5,184,Sophomore,21.7,12.1,5.1,7.4,0.491,22.2,4.7,5.2
131,Steven Adams,C,12,213.4,255,Freshman,19.9,11.1,9.8,1.0,0.555,17.7,3.0,8.8
132,Kelly Olynyk,PF,13,213.4,234,Junior,22.2,24.3,10.0,2.3,0.675,30.7,8.7,4.7
133,Shabazz Muhammad,SF,14,198.8,222,Freshman,20.6,20.9,6.1,1.0,0.528,29.8,4.6,-1.9
134,Giannis Antetokounmpo,SF,15,205.7,196,International,18.5,,,,,,,
135,Lucas Nogueira,C,16,213.4,220,International,20.9,14.4,9.1,0.7,0.668,,,
136,Dennis Schröder,PG,17,188.0,165,International,19.8,,,,,,,
137,Shane Larkin,PG,18,181.6,171,Sophomore,20.7,14.3,3.8,4.5,0.6,21.3,7.4,3.2
138,Sergey Karasev,SG,19,200.7,205,International,19.6,18.0,3.4,2.6,0.587,,,
139,Tony Snell,SF,20,201.3,198,Junior,21.6,14.4,3.0,3.3,0.562,22.8,4.1,1.7
140,Gorgui Dieng,C,21,210.2,230,Junior,23.4,11.3,10.9,2.3,0.562,17.0,4.0,11.0
141,Mason Plumlee,C,22,214.6,238,Senior,23.3,17.7,10.3,2.0,0.628,24.5,4.9,5.7
142,Solomon Hill,SF,23,200.7,226,Senior,22.3,14.6,5.8,3.0,0.579,21.4,5.9,3.4
143,Tim Hardaway Jr.,SG,24,198.8,199,Junior,20.3,15.0,4.8,2.5,0.538,23.7,3.8,2.0
144,Reggie Bullock,SF,25,200.7,200,Junior,22.3,16.0,7.4,3.3,0.625,18.5,8.9,3.1
145,Andre Roberson,SG,26,200.7,206,Junior,21.5,11.7,12.1,1.5,0.524,19.9,2.1,7.7
146,Rudy Gobert,C,27,218.4,238,International,21.9,13.6,8.5,0.6,0.727,,,
147,Livio Jean-Charles,SF,28,205.7,220,International,19.6,8.5,6.7,1.2,0.593,,,
148,Archie Goodwin,SG,29,196.2,189,Freshman,18.8,16.0,5.2,3.0,0.509,27.2,1.2,1.2
149,Nemanja Nedović,PG,30,190.5,190,International,22.0,15.2,3.9,3.3,0.456,,,
150,Allen Crabbe,SG,31,198.8,197,Junior,21.2,18.3,6.0,2.6,0.568,26.6,6.2,2.1
151,Alex Abrines,SG,32,198.1,190,International,19.9,13.2,3.4,0.8,0.538,,,
152,Carrick Felix,SG,33,198.8,203,Senior,22.8,14.9,8.3,1.7,0.586,21.3,3.8,2.8
153,Isaiah Canaan,PG,34,182.9,188,Senior,22.1,21.5,3.5,4.2,0.576,30.9,6.4,-1.7
154,Glen Rice Jr.,SG,35,197.5,211,Junior,22.5,15.7,8.1,2.8,0.539,25.9,4.5,2.8
155,Ray McCallum Jr.,PG,36,187.3,191,Junior,22.0,18.4,5.0,4.4,0.578,24.4,6.5,0.5
156,Tony Mitchell,PF,37,205.1,236,Sophomore,21.2,14.4,9.5,0.9,0.53,22.7,-0.1,2.9
157,Nate Wolters,PG,38,194.9,196,Senior,22.1,21.1,5.3,5.5,0.604,29.8,9.3,-0.3
158,Jeff Withey,C,39,214.6,222,Senior,23.3,16.0,9.9,1.1,0.621,21.5,2.7,9.9
159,Grant Jerrett,PF,40,208.9,232,Freshman,19.9,10.5,7.2,1.1,0.535,15.6,2.7,4.7
160,Jamaal Franklin,SG,41,196.2,191,Junior,21.9,18.4,10.3,3.6,0.536,29.9,4.4,5.2
161,Pierre Jackson,PG,42,179.1,176,Senior,21.8,20.5,3.9,7.3,0.574,29.5,9.8,0.8
162,Ricky Ledo,SG,43,198.1,197,Freshman,20.8,,,,,,,
163,Mike Muscala,C,44,212.1,230,Senior,21.9,21.3,12.6,2.6,0.575,31.6,5.7,6.0
164,Marko Todorović,PF,45,210.8,240,International,21.2,12.9,10.1,1.4,0.563,,,
165,Erick Green,PG,46,190.5,178,Senior,22.1,24.7,3.9,3.7,0.592,32.4,11.3,-1.8
166,Raul Neto,PG,47,188.0,172,International,21.1,12.5,3.5,4.3,0.553,,,
167,Ryan Kelly,PF,48,212.7,228,Senior,22.2,16.0,6.6,2.1,0.586,21.4,6.5,4.8
168,Erik Murphy,PF,49,207.0,240,Senior,22.6,16.6,7.5,1.9,0.643,22.5,7.8,4.6
169,James Ennis,SF,50,200.7,201,Senior,22.9,18.0,7.3,2.3,0.616,24.9,5.6,2.0
170,Romero Osby,PF,51,203.2,232,Senior,23.1,20.2,8.9,1.6,0.604,26.0,6.5,2.4
171,Lorenzo Brown,PG,52,196.2,189,Junior,22.8,13.0,4.6,7.6,0.509,22.8,3.5,2.3
172,Colton Iverson,C,53,213.4,263,Senior,23.9,17.3,11.9,1.6,0.602,23.8,5.5,2.7
173,Arsalan Kazemi,PF,54,200.7,226,Senior,23.2,11.6,12.4,1.7,0.627,15.2,4.3,7.4
174,Joffrey Lauvergne,C,55,210.8,235,International,21.7,16.1,9.2,1.3,0.587,,,
175,Peyton Siva,PG,56,185.4,181,Senior,22.7,11.6,2.7,6.6,0.513,20.0,4.0,3.7
176,Alex Oriakhi,PF,57,205.7,250,Senior,22.9,15.7,11.7,0.5,0.674,18.5,4.8,3.8
177,Deshaun Thomas,SF,58,200.7,220,Junior,21.8,20.1,6.1,1.3,0.551,29.1,6.8,0.3
178,Bojan Dubljević,PF,59,205.7,250,International,21.7,21.7,7.0,1.0,0.622,,,
179,Janis Timma,SF,60,203.2,220,International,20.9,,,,,,,
180,Andrew Wiggins,SF,1,203.2,197,Freshman,19.3,18.7,6.4,1.7,0.563,26.3,5.4,3.0
181,Jabari Parker,SF,2,203.2,241,Freshman,19.3,22.5,10.3,1.4,0.558,32.7,4.3,2.3
182,Joel Embiid,C,3,213.4,240,Freshman,20.3,17.4,12.6,2.1,0.655,23.4,4.7,10.2
183,Aaron Gordon,PF,4,205.1,220,Freshman,18.8,14.3,9.2,2.3,0.503,23.2,2.8,6.7
184,Dante Exum,PG,5,198.1,196,International,18.9,,,,,,,
185,Marcus Smart,PG,6,191.1,227,Sophomore,20.3,19.8,6.5,5.3,0.552,29.2,8.0,5.5
186,Julius Randle,PF,7,205.7,250,Freshman,19.6,17.5,12.1,1.7,0.567,25.4,4.2,3.0
187,Nik Stauskas,SG,8,199.4,206,Sophomore,20.7,17.7,3.0,3.3,0.642,24.4,9.0,0.2
188,Noah Vonleh,PF,9,207.0,247,Freshman,18.8,15.3,12.2,0.8,0.604,21.4,1.2,4.9
189,Elfrid Payton,PG,10,192.4,185,Junior,20.3,19.2,6.0,6.0,0.551,27.6,4.7,2.1
190,Doug McDermott,SF,11,202.6,218,Senior,22.5,28.5,7.4,1.7,0.644,36.2,9.8,-1.6
191,Dario Saric,PF,12,208.3,220,International,20.2,14.2,9.1,3.0,0.546,,,
192,Zach LaVine,SG,13,197.5,181,Freshman,19.3,13.9,3.7,2.6,0.545,20.1,2.8,0.7
193,T.J. Warren,SF,14,203.8,220,Sophomore,20.8,25.3,7.3,1.2,0.574,35.5,8.3,0.5
194,Adreian Payne,PF,15,207.6,239,Senior,23.3,21.1,9.3,1.7,0.607,28.9,4.5,2.1
195,Jusuf Nurkić,C,16,213.4,275,International,19.8,20.7,7.8,1.4,0.626,,,
196,James Young,SG,17,200.0,215,Freshman,18.8,15.9,4.8,1.9,0.536,23.4,5.2,0.8
197,Tyler Ennis,PG,18,189.2,181,Freshman,19.8,13.0,3.4,5.5,0.511,21.9,5.4,2.3
198,Gary Harris,SG,19,194.3,205,Sophomore,19.8,18.7,4.5,3.0,0.561,26.8,6.9,2.5
199,Bruno Caboclo,SF,20,205.7,200,International,18.7,,,,,,,
200,Mitch McGary,PF,21,208.3,255,Sophomore,22.0,13.8,12.0,2.2,0.572,22.5,4.7,7.2
201,Jordan Adams,SG,22,194.9,209,Sophomore,19.9,20.8,6.4,2.8,0.603,26.5,8.7,3.3
202,Rodney Hood,SG,23,204.5,209,Sophomore,21.7,17.6,4.3,2.3,0.59,23.8,6.6,0.6
203,Shabazz Napier,PG,24,185.4,175,Senior,22.9,18.5,6.0,5.0,0.591,27.5,8.2,4.1
204,Clint Capela,C,25,208.3,240,International,20.1,17.3,12.1,1.7,0.665,,,
205,P.J. Hairston,SG,26,196.2,229,G League,21.5,,,,,,,
206,Bogdan Bogdanović,SG,27,198.1,205,International,21.8,17.0,4.2,4.2,0.516,,,
207,C.J. Wilcox,SG,28,195.6,201,Senior,23.5,18.9,3.8,2.6,0.598,24.6,7.2,0.2
208,Josh Huestis,SF,29,200.7,230,Senior,22.5,11.4,8.4,1.2,0.51,18.0,1.4,4.7
209,Kyle Anderson,SF,30,204.5,230,Sophomore,20.7,15.9,9.5,7.0,0.566,24.1,4.7,6.2
210,Damien Inglis,PF,31,203.2,240,International,19.1,10.7,8.4,2.4,0.587,,,
211,K.J. McDaniels,SF,32,198.1,196,Junior,21.4,18.2,7.6,1.7,0.566,29.1,5.6,7.3
212,Joe Harris,SG,33,198.8,215,Senior,22.8,15.0,3.7,2.8,0.565,23.3,6.3,3.3
213,Cleanthony Early,SF,34,201.3,209,Senior,23.2,21.6,7.8,1.0,0.627,28.8,5.3,1.9
214,Jarnell Stokes,PF,35,204.5,263,Junior,20.4,16.8,11.8,2.3,0.576,24.6,5.8,4.3
215,Johnny O'Bryant,PF,36,204.5,257,Junior,21.1,18.5,9.2,1.9,0.526,28.5,0.0,1.2
216,DeAndre Daniels,SF,37,204.5,196,Junior,22.2,16.2,7.4,0.6,0.559,24.2,1.2,2.9
217,Spencer Dinwiddie,PG,38,198.1,205,Junior,21.2,17.0,3.5,4.4,0.667,21.0,8.8,1.7
218,Jerami Grant,SF,39,202.6,214,Sophomore,20.3,13.8,7.8,1.6,0.547,21.1,3.3,2.5
219,Glenn Robinson III,SF,40,200.0,211,Sophomore,20.4,14.6,4.9,1.3,0.566,22.3,4.4,1.6
220,Nikola Jokić,C,41,213.4,250,International,19.3,,,,,,,
221,Nick Johnson,PG,42,190.5,198,Junior,21.5,17.7,4.4,3.1,0.549,26.3,5.7,4.6
222,Walter Tavares,C,43,221.0,265,International,22.2,10.3,11.4,0.4,0.615,,,
223,Markel Brown,SG,44,191.8,184,Senior,22.4,17.5,5.4,3.0,0.591,23.1,5.9,2.9
224,Dwight Powell,PF,45,210.8,234,Senior,22.9,15.6,7.6,3.5,0.527,26.0,2.0,4.5
225,Jordan Clarkson,PG,46,195.6,186,Junior,21.9,17.9,3.9,3.5,0.547,27.9,3.8,0.2
226,Russ Smith,PG,47,184.8,160,Senior,23.2,22.4,4.1,5.7,0.576,30.7,7.9,3.2
227,Lamar Patterson,SG,48,196.2,226,Senior,22.9,18.9,5.4,4.7,0.569,29.1,8.4,3.4
228,Cameron Bairstow,PF,49,207.6,252,Senior,23.5,22.3,8.1,1.7,0.611,29.9,4.9,2.6
229,Alec Brown,C,50,216.5,231,Senior,21.9,18.2,6.8,1.2,0.569,26.2,1.0,3.7
230,Thanasis Antetokounmpo,SF,51,198.8,205,G League,21.9,,,,,,,
231,Vasilije Micić,PG,52,198.1,200,International,20.4,,,,,,,
232,Alessandro Gentile,SF,53,200.7,220,International,21.6,16.6,4.5,3.9,0.542,,,
233,Nemanja Dangubić,SF,54,203.2,190,International,21.2,,,,,,,
234,Semaj Christon,PG,55,191.1,186,Sophomore,21.6,17.3,2.7,4.3,0.544,26.9,3.7,1.2
235,Devyn Marble,SG,56,199.4,192,Senior,21.7,20.3,3.8,4.3,0.528,28.4,6.8,1.7
236,Louis Labeyrie,PF,57,208.3,220,International,22.4,15.4,9.8,0.6,0.693,,,
237,Jordan McRae,SG,58,196.2,179,Senior,23.2,20.9,3.9,2.8,0.565,30.4,7.1,1.3
238,Xavier Thames,PG,59,191.8,187,Senior,23.4,20.2,3.3,3.7,0.557,28.6,7.9,2.2
239,Cory Jefferson,PF,60,205.7,218,Senior,23.5,16.9,10.2,1.2,0.553,24.2,3.4,2.5
240,Karl-Anthony Towns,C,1,210.8,250,Freshman,19.6,17.6,11.4,1.9,0.627,23.7,6.5,10.8
241,D'Angelo Russell,PG,2,195.6,193,Freshman,19.3,20.5,6.0,5.3,0.573,30.2,8.7,3.0
242,Jahlil Okafor,C,3,210.8,272,Freshman,19.5,20.7,10.1,1.5,0.641,27.6,6.8,4.1
243,Kristaps Porzingis,PF,4,221.0,230,International,19.9,18.5,7.7,0.9,0.577,,,
244,Mario Hezonja,SG,5,203.2,225,International,20.3,13.6,4.6,2.8,0.583,,,
245,Willie Cauley-Stein,C,6,214.6,242,Junior,21.8,12.4,8.9,1.4,0.588,17.8,4.7,10.0
246,Emmanuel Mudiay,PG,7,195.6,200,International,19.3,,,,,,,
247,Stanley Johnson,SF,8,199.4,242,Freshman,19.1,17.4,8.2,2.1,0.551,26.6,4.8,5.4
248,Frank Kaminsky,C,9,215.3,231,Senior,22.2,20.1,8.8,2.8,0.628,28.6,9.5,5.8
249,Justise Winslow,SF,10,199.4,222,Freshman,19.2,15.6,8.0,2.6,0.572,22.9,5.1,5.3
250,Myles Turner,PF,11,212.1,239,Freshman,19.2,16.5,10.6,1.0,0.556,25.1,1.5,7.3
251,Trey Lyles,PF,12,208.9,241,Freshman,19.6,13.6,8.2,1.7,0.543,20.8,3.9,5.1
252,Devin Booker,SG,13,197.5,205,Freshman,18.6,16.8,3.4,1.9,0.6,22.8,6.9,2.0
253,Cameron Payne,PG,14,186.7,183,Sophomore,20.9,22.6,4.1,6.7,0.573,31.5,8.6,0.3
254,Kelly Oubre,SF,15,200.0,203,Freshman,19.5,15.9,8.5,1.3,0.555,23.1,4.8,3.7
255,Terry Rozier,PG,16,188.6,190,Sophomore,21.3,17.6,5.7,3.1,0.509,27.8,4.7,3.7
256,Rashad Vaughn,SG,17,195.6,199,Freshman,18.8,19.9,5.4,1.7,0.547,30.8,3.0,-1.8
257,Sam Dekker,SF,18,205.7,219,Junior,21.1,16.2,6.4,1.4,0.605,23.2,8.2,1.8
258,Jerian Grant,PG,19,193.7,198,Senior,22.7,16.1,2.9,6.5,0.592,24.2,8.0,0.9
259,Delon Wright,PG,20,196.8,181,Senior,23.1,15.7,5.3,5.5,0.619,22.8,8.8,7.4
260,Justin Anderson,SF,21,198.8,231,Junior,21.6,15.8,5.2,2.2,0.61,23.3,7.6,4.6
261,Bobby Portis,PF,22,209.6,246,Sophomore,20.4,21.0,10.7,1.4,0.582,26.7,5.8,3.1
262,Rondae Hollis-Jefferson,SF,23,200.7,211,Sophomore,20.5,14.1,8.6,1.9,0.573,20.5,4.4,6.8
263,Tyus Jones,PG,24,188.0,185,Freshman,19.1,12.6,3.7,5.9,0.575,18.7,6.6,2.8
264,Jarell Martin,PF,25,206.4,239,Sophomore,21.1,17.3,9.5,1.8,0.565,24.8,3.1,2.2
265,Nikola Milutinov,C,26,213.4,250,International,20.5,11.2,9.6,2.1,0.504,,,
266,Larry Nance Jr.,PF,27,204.5,227,Senior,22.5,16.6,7.5,2.5,0.581,28.5,2.4,4.3
267,R.J. Hunter,SG,28,198.1,185,Junior,21.7,19.1,4.6,3.5,0.552,29.6,5.4,1.3
268,Chris McCullough,PF,29,205.7,199,Freshman,20.4,11.9,8.8,1.4,0.508,20.7,-1.4,8.2
269,Kevon Looney,PF,30,206.4,222,Freshman,19.4,13.5,10.7,1.6,0.532,19.7,4.2,4.0
270,Cedi Osman,SG,31,203.2,215,International,20.2,12.4,6.8,2.0,0.501,,,
271,Montrezl Harrell,PF,32,201.9,253,Junior,21.4,16.1,9.4,1.4,0.588,22.3,4.6,4.7
272,Jordan Mickey,PF,33,203.8,238,Sophomore,20.9,15.9,10.3,1.3,0.533,25.0,-0.8,6.3
273,Anthony Brown,SF,34,201.3,211,Senior,22.7,14.9,7.0,2.6,0.573,21.7,5.1,1.9
274,Willy Hernangómez,C,35,210.8,240,International,21.1,18.4,10.4,1.1,0.569,,,
275,Rakeem Christmas,PF,36,207.6,243,Senior,23.6,18.3,9.5,1.6,0.591,25.8,3.4,6.2
276,Richaun Holmes,PF,37,207.0,243,Senior,21.7,18.4,10.0,1.0,0.625,25.6,3.6,5.7
277,Darrun Hilliard,SG,38,198.1,220,Senior,22.2,17.9,3.9,2.6,0.576,25.2,6.7,3.5
278,Juan Pablo Vaulet,SF,39,198.1,200,International,19.2,,,,,,,
279,Josh Richardson,SG,40,198.1,200,Senior,21.8,15.9,4.4,3.6,0.56,25.5,5.8,2.0
280,Pat Connaughton,SG,41,196.2,215,Senior,22.5,12.7,7.5,1.5,0.615,17.7,6.1,2.1
281,Olivier Hanlan,PG,42,193.7,186,Junior,22.3,18.7,4.0,4.0,0.553,30.1,6.4,-0.3
282,Joe Young,PG,43,188.0,182,Senior,22.9,20.3,4.4,3.7,0.568,28.7,6.7,-0.7
283,Andrew Harrison,PG,44,196.8,213,Sophomore,20.6,13.2,3.2,5.0,0.531,21.4,4.9,4.1
284,Marcus Thornton (W&M),PG,45,189.9,177,Senior,22.4,19.6,2.7,2.8,0.605,28.5,5.0,-5.1
285,Norman Powell,SG,46,193.7,215,Senior,22.1,17.1,4.9,2.2,0.54,25.3,3.5,2.4
286,Arturas Gudaitis,C,47,208.3,250,International,22.0,15.2,9.4,0.6,0.554,,,
287,Dakari Johnson,C,48,212.7,265,Sophomore,19.7,14.1,10.1,1.6,0.553,22.0,3.0,7.2
288,Aaron White,PF,49,205.1,220,Senior,22.8,18.8,8.3,1.6,0.633,23.5,8.5,3.3
289,Marcus Eriksson,SG,50,200.7,208,International,21.5,,,,,,,
290,Tyler Harvey,PG,51,193.0,181,Junior,21.9,22.5,3.5,2.5,0.643,27.5,7.6,-4.7
291,Satnam Singh,C,52,218.4,290,Freshman,19.5,,,,,,,
292,Sir'Dominic Pointer,SF,53,195.6,192,Senior,23.1,14.2,8.0,3.1,0.566,21.0,3.7,7.4
293,Dani Díez,SF,54,203.2,212,International,22.2,14.8,8.3,0.6,0.603,,,
294,Cady Lalanne,PF,55,208.3,253,Senior,23.2,14.3,11.8,0.4,0.582,21.3,-0.1,2.1
295,Branden Dawson,PF,56,200.0,230,Senior,22.4,14.2,10.9,2.0,0.533,23.4,2.2,7.3
296,Nikola Radičević,PG,57,193.0,200,International,21.2,12.2,3.9,5.4,0.489,,,
297,J.P. Tokoto,SG,58,198.1,196,Junior,21.8,10.3,6.9,5.3,0.484,17.9,3.3,5.3
298,Dimitrios Agravanis,PF,59,208.3,235,International,20.5,13.5,7.8,1.3,0.507,,,
299,Luka Mitrović,PF,60,205.7,230,International,22.2,12.6,7.6,3.4,0.492,,,
300,Ben Simmons,SF,1,208.3,240,Freshman,19.9,19.8,12.1,4.9,0.6,26.4,6.3,5.3
301,Brandon Ingram,SF,2,205.7,195,Freshman,18.8,18.0,7.0,2.1,0.552,25.6,4.6,2.9
302,Jaylen Brown,SF,3,200.0,223,Freshman,19.7,19.1,7.0,2.6,0.518,31.4,0.3,3.3
303,Dragan Bender,PF,4,215.9,225,International,18.6,7.3,4.9,1.9,0.396,,,
304,Kris Dunn,PG,5,193.7,205,Junior,22.3,17.9,5.8,6.8,0.541,28.0,5.6,5.7
305,Buddy Hield,SG,6,195.6,212,Senior,23.5,25.4,5.8,2.1,0.665,30.2,10.3,1.2
306,Jamal Murray,SG,7,195.6,200,Freshman,19.3,20.5,5.3,2.2,0.59,27.1,8.1,1.1
307,Marquese Chriss,PF,8,208.3,230,Freshman,18.9,19.8,7.8,1.1,0.585,24.1,2.8,3.1
308,Jakob Poeltl,C,9,215.9,240,Sophomore,20.7,20.4,10.8,2.3,0.665,25.7,6.8,4.4
309,Thon Maker,PF,10,215.3,216,HS Senior,19.3,,,,,,,
310,Domantas Sabonis,PF,11,208.3,235,Sophomore,20.1,19.8,13.3,2.0,0.654,25.6,5.0,4.0
311,Taurean Prince,SF,12,202.6,220,Senior,21.8,18.7,7.1,2.7,0.537,28.1,4.9,2.4
312,Georgios Papagiannis,C,13,220.3,275,International,18.9,19.1,8.7,1.5,0.636,,,
313,Denzel Valentine,SF,14,197.5,210,Senior,22.6,21.0,8.2,8.5,0.608,28.4,12.2,4.4
314,Juan Hernangómez,SF,15,205.7,230,International,20.7,14.7,8.7,0.8,0.57,,,
315,Guerschon Yabusele,PF,16,203.2,260,International,20.5,14.4,8.6,1.3,0.62,,,
316,Wade Baldwin IV,PG,17,193.0,200,Sophomore,20.2,16.7,4.7,6.2,0.571,25.3,5.1,3.0
317,Henry Ellenson,PF,18,212.1,240,Freshman,19.4,18.2,10.4,1.9,0.534,26.7,0.9,2.7
318,Malik Beasley,SG,19,194.3,190,Freshman,19.6,18.8,6.4,1.8,0.583,24.3,5.0,0.7
319,Caris LeVert,SG,20,200.7,191,Senior,21.8,19.2,6.2,5.7,0.636,25.6,9.4,2.5
320,DeAndre' Bembry,SF,21,197.5,207,Junior,21.9,16.8,7.5,4.3,0.539,24.4,4.6,4.5
321,Malachi Richardson,SG,22,198.8,200,Freshman,20.5,14.0,4.5,2.2,0.51,23.1,1.5,1.5
322,Ante Zizic,C,23,210.8,250,International,19.5,,,,,,,
323,Timothé Luwawu-Cabarrot,SG,24,198.1,210,International,21.1,,,,,,,
324,Brice Johnson,PF,25,209.6,210,Senior,21.9,23.4,13.4,1.9,0.653,25.0,7.3,6.2
325,Furkan Korkmaz,SG,26,200.7,190,International,18.9,10.9,3.6,1.9,0.517,,,
326,Pascal Siakam,PF,27,207.0,230,Sophomore,22.4,21.1,12.1,1.8,0.569,29.1,3.4,4.6
327,Skal Labissiere,PF,28,212.7,215,Freshman,20.3,15.0,7.2,0.7,0.54,22.1,-0.4,5.6
328,Dejounte Murray,PG,29,195.6,170,Freshman,19.8,17.3,6.4,4.8,0.485,25.9,1.8,2.5
329,Damian Jones,C,30,212.1,245,Junior,20.9,19.0,9.4,1.6,0.584,26.8,2.2,4.5
330,Deyonta Davis,PF,31,209.6,240,Freshman,19.5,14.5,10.6,1.4,0.601,19.2,3.2,7.5
331,Ivica Zubac,C,32,215.9,240,International,19.3,,,,,,,
332,Cheick Diallo,PF,33,205.7,220,Freshman,19.8,14.4,12.1,0.2,0.572,21.7,-2.7,6.9
333,Tyler Ulis,PG,34,177.8,150,Sophomore,20.5,16.9,2.9,6.9,0.567,23.2,8.5,1.0
334,Rade Zagorac,SF,35,205.7,209,International,20.9,,,,,,,
335,Malcolm Brogdon,SG,36,196.8,225,Senior,23.5,19.2,4.3,3.3,0.585,28.4,8.5,2.6
336,Chinanu Onuaku,C,37,208.3,245,Sophomore,19.6,14.5,12.4,2.4,0.62,20.5,3.6,10.2
337,Patrick McCaw,SG,38,200.0,181,Sophomore,20.7,15.7,5.5,4.1,0.591,20.3,5.1,3.3
338,David Michineau,PG,39,193.0,180,International,22.0,15.0,2.5,4.1,0.496,,,
339,Diamond Stone,C,40,208.9,255,Freshman,19.4,19.4,8.4,0.7,0.61,26.7,2.4,2.9
340,Stephen Zimmerman,C,41,212.7,235,Freshman,19.8,14.4,12.0,1.2,0.519,21.9,-3.8,4.6
341,Isaiah Whitehead,SG,42,194.3,210,Sophomore,21.3,20.3,4.0,5.7,0.511,31.6,4.3,3.4
342,Zhou Qi,C,43,219.1,218,International,20.4,,,,,,,
343,Isaia Cordinier,SG,44,195.6,185,International,19.6,,,,,,,
344,Demetrius Jackson,PG,45,186.1,195,Junior,21.8,15.8,3.5,4.7,0.56,24.1,6.3,0.4
345,A.J. Hammons,C,46,213.4,250,Senior,23.8,21.9,12.0,1.6,0.623,28.6,3.9,8.0
346,Jake Layman,SF,47,206.4,209,Senior,22.3,13.5,6.1,1.3,0.64,18.2,4.8,3.8
347,Paul Zipser,SF,48,203.2,226,International,22.3,13.4,7.3,2.5,0.613,,,
348,Michael Gbinije,SG,49,200.0,205,Senior,24.0,16.6,3.9,4.1,0.574,24.9,6.3,2.3
349,Georges Niang,PF,50,204.5,231,Senior,23.0,22.2,6.8,3.6,0.625,28.7,7.3,1.4
350,Ben Bentil,PF,51,203.8,230,Sophomore,21.2,22.2,8.1,1.2,0.567,29.6,4.9,1.8
351,Joel Bolomboy,PF,52,205.7,224,Senior,22.4,19.5,14.4,1.2,0.634,26.1,1.5,2.1
352,Petr Cornelie,PF,53,210.8,220,International,20.9,15.8,9.8,0.6,0.593,,,
353,Kay Felder,PG,54,176.5,177,Junior,21.2,23.9,4.2,9.1,0.572,31.3,9.1,-0.4
354,Marcus Paige,PG,55,187.3,165,Senior,22.8,15.2,2.9,4.3,0.542,19.4,6.4,2.3
355,Daniel Hamilton,SG,56,203.2,197,Sophomore,20.9,14.2,10.1,5.3,0.492,25.1,2.5,5.7
356,Wang Zhelin,C,57,213.4,270,International,22.4,,,,,,,
357,Abdel Nader,SF,58,198.1,220,Senior,22.7,15.0,5.8,1.8,0.583,21.5,2.6,1.8
358,Isaiah Cousins,PG,59,194.3,194,Senior,22.3,13.7,4.8,4.9,0.506,21.8,2.7,2.9
359,Tyrone Wallace,PG,60,195.6,198,Senior,22.0,17.1,5.9,4.9,0.513,27.4,3.4,3.7
360,Markelle Fultz,PG,1,195.6,185,Freshman,19.1,23.4,5.8,6.0,0.558,31.4,7.7,1.4
361,Lonzo Ball,PG,2,198.1,190,Freshman,19.6,14.9,6.2,7.8,0.673,18.1,8.7,3.5
362,Jayson Tatum,SF,3,203.2,205,Freshman,19.3,18.2,7.9,2.3,0.566,26.2,3.5,4.1
363,Josh Jackson,SF,4,203.2,205,Freshman,20.4,19.1,8.6,3.5,0.559,27.2,5.1,5.7
364,De'Aaron Fox,PG,5,191.1,170,Freshman,19.5,20.3,4.8,5.6,0.549,27.5,5.1,3.7
365,Jonathan Isaac,SF,6,210.8,205,Freshman,19.7,16.4,10.8,1.6,0.614,20.3,4.7,6.2
366,Lauri Markkanen,PF,7,213.4,225,Freshman,20.1,18.2,8.4,1.0,0.635,22.5,7.8,1.5
367,Frank Ntilikina,PG,8,198.1,190,International,18.9,,,,,,,
368,Dennis Smith,PG,9,188.0,180,Freshman,19.6,18.7,4.7,6.4,0.563,27.2,6.3,1.0
369,Zach Collins,PF,10,213.4,232,Freshman,19.6,20.9,12.3,0.9,0.703,24.8,4.0,7.5
370,Malik Monk,SG,11,190.5,190,Freshman,19.4,22.3,2.8,2.6,0.586,27.2,6.7,1.3
371,Luke Kennard,SG,12,196.8,196,Sophomore,20.9,19.8,5.2,2.5,0.629,24.0,8.4,1.2
372,Donovan Mitchell,SG,13,190.5,211,Sophomore,20.8,17.3,5.4,3.0,0.534,24.6,6.8,4.8
373,Bam Adebayo,PF,14,207.6,243,Freshman,19.9,15.5,9.6,1.0,0.624,18.5,4.2,5.3
374,Justin Jackson,SF,15,203.8,201,Junior,22.2,20.5,5.2,3.2,0.555,25.7,7.5,1.9
375,Justin Patton,C,16,211.5,229,Freshman,20.0,18.4,8.9,1.7,0.671,22.0,4.4,6.2
376,D.J. Wilson,PF,17,209.6,234,Sophomore,21.3,13.1,6.3,1.6,0.628,18.3,5.1,4.3
377,TJ Leaf,PF,18,207.6,222,Freshman,20.1,19.5,9.9,2.9,0.66,22.0,6.7,3.0
378,John Collins,PF,19,207.0,225,Sophomore,19.7,25.9,13.3,0.7,0.658,29.9,6.6,1.3
379,Harry Giles,PF,20,209.6,232,Freshman,19.2,12.2,12.0,1.1,0.57,17.9,1.9,4.4
380,Terrance Ferguson,SG,21,200.7,184,International,19.1,,,,,,,
381,Jarrett Allen,C,22,208.9,234,Freshman,19.2,15.0,9.4,0.9,0.571,22.6,0.8,4.6
382,O.G. Anunoby,SF,23,202.6,232,Sophomore,19.9,15.9,7.8,2.1,0.611,20.8,5.4,4.7
383,Tyler Lydon,SF,24,207.0,215,Sophomore,21.2,13.1,8.6,2.1,0.599,18.0,4.7,4.2
384,Anžejs Pasečņiks,C,25,218.4,229,International,21.5,,,,,,,
385,Caleb Swanigan,PF,26,204.5,246,Sophomore,20.2,20.4,13.8,3.4,0.62,28.1,5.0,5.6
386,Kyle Kuzma,PF,27,207.0,223,Junior,21.9,19.2,10.9,2.9,0.565,27.0,4.6,2.0
387,Tony Bradley,C,28,210.2,249,Freshman,19.4,17.5,12.7,1.5,0.59,20.7,5.8,4.0
388,Derrick White,PG,29,194.3,190,Senior,22.9,19.8,4.5,4.8,0.627,25.3,8.6,3.2
389,Josh Hart,SG,30,195.6,209,Senior,22.3,20.3,6.9,3.2,0.619,27.8,8.2,4.0
390,Frank Jackson,PG,31,191.8,202,Freshman,19.1,15.8,3.6,2.5,0.598,21.1,5.1,0.2
391,Davon Reed,SG,32,196.8,206,Senior,22.0,15.2,4.9,2.4,0.58,22.2,5.3,3.3
392,Wesley Iwundu,SF,33,200.0,193,Senior,22.5,15.0,7.2,4.0,0.585,22.3,4.2,3.4
393,Frank Mason,PG,34,182.9,189,Senior,23.2,20.8,4.2,5.2,0.622,25.6,9.2,1.5
394,Ivan Rabb,PF,35,208.3,220,Sophomore,20.4,15.4,11.5,1.7,0.541,23.8,1.5,5.2
395,Jonah Bolden,PF,36,208.3,220,International,21.5,,,,,,,
396,Semi Ojeleye,SF,37,200.0,241,Junior,22.5,20.0,7.2,1.6,0.621,25.9,7.9,0.2
397,Jordan Bell,PF,38,204.5,224,Junior,22.4,13.7,11.0,2.2,0.658,18.0,4.6,9.0
398,Jawun Evans,PG,39,181.6,185,Sophomore,20.9,23.6,4.2,7.8,0.535,32.7,7.7,1.4
399,Dwayne Bacon,SF,40,198.8,222,Sophomore,21.8,21.5,5.3,2.2,0.544,29.4,3.8,0.5
400,Tyler Dorsey,SG,41,194.3,183,Sophomore,21.3,17.6,4.2,2.1,0.606,22.9,5.7,0.6
401,Thomas Bryant,C,42,210.2,248,Sophomore,19.9,16.1,8.5,1.9,0.601,22.2,3.6,3.9
402,Isaiah Hartenstein,PF,43,213.4,249,International,19.1,11.3,9.0,2.3,0.457,,,
403,Damyean Dotson,SG,44,196.8,205,Senior,22.1,18.2,7.3,1.2,0.611,23.1,7.4,0.5
404,Dillon Brooks,SF,45,198.1,220,Junior,21.4,22.9,4.6,3.9,0.585,31.6,6.6,2.1
405,Sterling Brown,SG,46,198.1,230,Senior,22.4,14.8,7.1,3.3,0.583,21.9,5.4,4.3
406,Ike Anigbogu,C,47,207.6,252,Freshman,18.7,13.1,11.2,0.6,0.564,18.4,-0.8,3.5
407,Sindarius Thornwell,SG,48,194.9,212,Senior,22.6,22.7,7.6,2.9,0.59,29.5,9.5,6.7
408,Vlatko Čančar,SF,49,205.7,220,International,20.2,,,,,,,
409,Mathias Lessort,PF,50,205.7,249,International,21.7,16.1,11.3,1.1,0.586,,,
410,Monte Morris,PG,51,189.2,175,Senior,21.9,16.7,4.9,6.3,0.555,22.8,7.8,2.9
411,Edmond Sumner,PG,52,197.5,176,Sophomore,21.5,16.2,4.7,5.4,0.57,24.0,4.3,3.6
412,Kadeem Allen,PG,53,188.6,192,Senior,24.4,11.7,4.8,3.6,0.57,18.1,3.3,5.8
413,Alec Peters,PF,54,205.1,232,Senior,22.2,23.5,10.4,2.3,0.594,30.8,6.0,0.5
414,Nigel Williams-Goss,PG,55,190.5,190,Junior,22.8,18.5,6.5,5.2,0.594,24.6,6.3,5.5
415,Jabari Bird,SG,56,198.1,198,Senior,22.9,16.1,5.3,1.2,0.562,23.5,3.4,1.6
416,Sasha Vezenkov,PF,57,205.7,225,International,20.9,16.0,6.2,1.9,0.681,,,
417,Ognjen Jaramaz,PG,58,193.0,194,International,21.8,,,,,,,
418,Jaron Blossomgame,SF,59,200.0,219,Senior,23.8,18.6,6.6,1.6,0.561,25.9,4.1,1.5
419,Alpha Kaba,PF,60,208.3,226,International,21.4,,,,,,,
420,DeAndre Ayton,C,1,215.9,250,Freshman,19.9,21.6,12.4,1.8,0.65,26.6,6.8,4.0
421,Marvin Bagley,PF,2,210.8,220,Freshman,19.3,22.3,11.8,1.6,0.643,26.3,7.7,3.0
422,Luka Dončić,SG,3,200.7,218,International,19.3,20.9,7.5,6.6,0.591,,,
423,Jaren Jackson Jr.,PF,4,211.5,236,Freshman,18.8,18.0,9.6,1.8,0.647,23.5,5.1,10.3
424,Trae Young,PG,5,187.3,178,Freshman,19.8,27.8,4.0,8.9,0.585,37.1,11.2,0.5
425,Mohamed Bamba,C,6,215.3,225,Freshman,20.1,15.4,12.6,0.6,0.593,21.3,2.4,8.9
426,Wendell Carter,PF,7,208.3,257,Freshman,19.2,18.1,12.1,2.7,0.628,22.8,6.0,7.5
427,Collin Sexton,PG,8,186.7,183,Freshman,19.5,23.1,4.5,4.3,0.567,32.9,6.5,0.0
428,Kevin Knox,SF,9,205.7,213,Freshman,18.9,17.3,6.0,1.6,0.556,24.6,3.4,1.4
429,Mikal Bridges,SG,10,200.7,210,Junior,21.8,19.8,5.9,2.2,0.655,23.2,8.7,4.4
430,Shai Gilgeous-Alexander,PG,11,198.1,180,Freshman,19.9,15.3,4.4,5.5,0.578,21.9,5.5,3.6
431,Miles Bridges,SF,12,200.0,220,Sophomore,20.2,19.6,8.0,3.1,0.572,27.1,5.7,3.5
432,Jerome Robinson,SG,13,195.6,188,Junior,21.3,20.7,3.6,3.3,0.608,27.3,5.8,-1.3
433,Michael Porter,SF,14,210.2,211,Freshman,19.9,20.4,13.6,0.7,0.438,36.5,-4.2,-0.8
434,Troy Brown,SG,15,200.0,208,Freshman,18.9,13.0,7.1,3.7,0.532,21.0,1.3,2.9
435,Zhaire Smith,SG,16,193.0,199,Freshman,19.0,14.3,6.3,2.3,0.618,18.3,5.7,6.4
436,Donte DiVincenzo,SG,17,194.3,200,Sophomore,21.4,16.5,5.8,4.3,0.608,22.4,6.7,2.9
437,Lonnie Walker,SG,18,192.4,196,Freshman,19.5,14.9,3.4,2.5,0.527,22.4,3.1,1.6
438,Kevin Huerter,SG,19,201.3,194,Sophomore,19.8,15.4,5.3,3.5,0.64,21.5,6.4,2.3
439,Josh Okogie,SG,20,194.3,211,Sophomore,19.8,18.0,6.2,2.4,0.55,27.3,4.8,2.0
440,Grayson Allen,SG,21,194.3,198,Senior,22.7,15.6,3.4,4.7,0.58,20.7,7.1,2.3
441,Chandler Hutchison,SG,22,200.7,197,Senior,22.2,23.2,8.9,4.0,0.575,33.2,3.6,4.3
442,Aaron Holiday,PG,23,184.8,187,Junior,21.7,19.4,3.5,5.6,0.609,26.7,6.4,-0.1
443,Anfernee Simons,SG,24,191.1,183,G League,19.0,,,,,,,
444,Moritz Wagner,PF,25,212.1,241,Junior,21.2,19.0,9.3,1.1,0.619,25.9,4.6,3.6
445,Landry Shamet,PG,26,196.2,189,Junior,21.3,16.9,3.7,5.9,0.655,20.7,8.3,-0.1
446,Robert Williams,PF,27,205.7,235,Sophomore,20.7,14.6,13.0,2.0,0.614,19.0,2.5,9.4
447,Jacob Evans,SF,28,196.8,200,Junior,21.0,15.2,5.5,3.7,0.543,22.5,4.5,6.1
448,Džanan Musa,SF,29,205.7,195,International,19.1,18.7,5.7,1.6,0.594,,,
449,Omari Spellman,PF,30,206.4,254,Freshman,20.9,13.9,10.3,1.0,0.588,18.3,3.9,4.6
450,Elie Okobo,PG,31,190.5,180,International,20.7,17.7,3.8,6.6,0.604,,,
451,Jevon Carter,PG,32,186.7,196,Senior,22.8,17.5,4.7,6.7,0.549,25.0,8.1,4.4
452,Jalen Brunson,PG,33,188.6,198,Junior,21.8,21.4,3.5,5.2,0.635,26.4,8.7,0.9
453,Devonte' Graham,PG,34,186.7,186,Senior,23.3,16.5,3.8,6.9,0.568,23.9,7.0,1.4
454,Melvin Frazier,SF,35,198.1,198,Junior,21.8,16.6,5.9,3.0,0.631,22.2,4.2,2.7
455,Mitchell Robinson,C,36,215.9,240,Freshman,20.2,,,,,,,
456,Gary Trent Jr.,SG,37,197.5,204,Freshman,19.4,15.4,4.5,1.5,0.567,19.5,5.4,1.8
457,Khyri Thomas,SG,38,192.4,199,Junior,22.1,17.1,5.0,3.2,0.65,21.0,6.5,3.1
458,Isaac Bonga,SF,39,205.7,200,International,18.6,,,,,,,
459,Rodions Kurucs,SF,40,205.7,200,International,20.4,8.5,3.7,1.2,0.467,,,
460,Jarred Vanderbilt,PF,41,205.7,218,Freshman,19.2,12.4,16.6,2.1,0.476,20.8,2.6,5.2
461,Bruce Brown,SG,42,195.6,195,Sophomore,21.8,12.2,7.6,4.3,0.488,21.2,1.6,5.1
462,Justin Jackson (UMD),SF,43,200.0,229,Sophomore,21.3,12.1,10.0,2.4,0.47,24.1,-0.5,3.7
463,Issuf Sanon,PG,44,193.0,190,International,18.6,,,,,,,
464,Hamidou Diallo,SG,45,198.1,197,Freshman,19.9,14.5,5.3,1.8,0.498,22.6,1.3,1.9
465,De'Anthony Melton,SG,46,191.1,193,Sophomore,20.1,11.1,6.3,4.6,0.53,17.7,3.0,5.3
466,Sviatoslav Mykhailiuk,SG,47,202.6,212,Senior,21.0,15.2,4.1,2.9,0.572,21.0,5.6,1.7
467,Keita Bates-Diop,SF,48,204.5,223,Junior,22.4,21.5,9.5,1.8,0.577,29.4,5.1,4.3
468,Chimezie Metu,PF,49,207.0,220,Junior,21.2,18.2,8.6,1.8,0.574,25.8,1.8,4.3
469,Alize Johnson,PF,50,203.2,217,Senior,22.2,17.3,13.4,3.3,0.528,27.1,4.0,1.4
470,Tony Carr,PG,51,194.3,198,Sophomore,20.7,20.0,5.0,5.1,0.527,29.9,5.5,1.1
471,Vince Edwards,SF,52,203.2,225,Senior,22.2,16.6,8.4,3.3,0.587,23.8,5.6,3.3
472,Devon Hall,SG,53,198.1,206,Senior,22.9,13.1,4.7,3.5,0.599,19.5,6.0,4.5
473,Shake Milton,SG,54,196.8,207,Junior,21.7,17.8,4.6,4.3,0.606,25.0,6.4,1.4
474,Arnoldas Kulboka,SF,55,205.7,200,International,20.5,11.5,4.8,1.0,0.522,,,
475,Ray Spalding,PF,56,208.9,215,Junior,21.3,16.1,11.3,1.7,0.568,22.9,3.5,6.5
476,Kevin Hervey,PF,57,202.6,212,Senior,21.9,22.9,9.5,2.5,0.553,31.0,3.3,0.7
477,Thomas Welsh,C,58,213.4,255,Senior,22.4,13.7,11.8,1.5,0.577,17.7,3.5,2.5
478,George King,SF,59,198.1,219,Senior,24.4,16.3,9.9,1.4,0.574,23.3,2.2,2.1
479,Kostas Antetokounmpo,PF,60,209.6,195,Freshman,20.6,12.4,6.8,1.1,0.575,20.9,-3.6,2.6
